id;title;book;part;section;description;place;keywords_witness;group;page_ini;page_end;idtoq
644-VI-00001;"Papi, no te lleves esa bicicleta";anticipaciones;na;Qué le pasó a mi hijo;"Una madre y lideresa recuerda la petición de su padre antes de morir: no llorar por él, sino por quienes quedaban vivos, especialmente por las madres, al rememorar una incursión paramilitar en su barrio.";na;"madre,lideresa";victima paramilitares;45;47;0
139-VI-00115;Dolor en el ombligo;anticipaciones;na;Qué le pasó a mi hijo;Un dolor en el ombligo fue el indicio para que la madre de un militar entendiera que algo le había sucedido a su hijo.;na;madre;militar;47;49;1
429-CO-00338;Yo tuve esta pesadilla;anticipaciones;na;Qué le pasó a mi hijo;"Una mujer narra, junto a sus dos hijas, cómo tras una pesadilla comienza la búsqueda de su hijo, quien estaba en el Ejército.";na;mujer;ejercito;49;51;2
194-VI-00026;"Mamá, yo no voy a volver";anticipaciones;na;Qué le pasó a mi hijo;"Una lideresa, madre de un militar, recuerda la forma en que su hijo se despidió de ella.";na;lideresa;militar;51;54;3
411-VI-00001;Un día de estos va a cambiar la vida;anticipaciones;na;Qué le pasó a mi hijo;Una madre recuerda la difícil situación económica de su hogar por la que su hijo decidió irse con unos desconocidos.;na;madre;;54;55;4
769-PR-02590_1;"Dani, no se vaya";anticipaciones;na;Qué le pasó a mi hijo;Una lideresa cuenta por qué no confiaba en la persona que le ofreció trabajo a su hijo y tuvo un mal presentimiento.;na;lideresa;;56;57;5
237-VI-00027;Corazonada de madre;anticipaciones;na;Qué le pasó a mi hijo;"Una mujer les pidió a sus hijos que no se fueran a trabajar, pues presentía que no iban a volver.";na;mujer;;57;57;6
195-VI-00002;De pronto no haya sido mi hijo;anticipaciones;na;Qué le pasó a mi hijo;"Una mujer presintió la muerte de su hijo, a quien los paramilitares desaparecieron y luego asesinaron, según palabras de ella, por ser del «gremio LGBTI». ";na;mujer;victima paramilitares;57;59;7
628-VI-00009;Llegaba a la casa;anticipaciones;na;Algo me atravesó;"Una joven de Tumaco comparte un don con otras mujeres de su familia, el cual les ha permitido presentir muertes o comunicarse con sus familiares asesinados.";Tumaco;joven;;60;62;8
194-VI-00086;Estrujón;anticipaciones;na;Algo me atravesó;Un exintegrante de la fuerza pública habla de la sensación que lo atravesó antes de pisar una mina.;na;fuerza publica;victima mina;63;64;9
565-VI-00011;Pasaron muchas cosas de muchas maneras;anticipaciones;na;Algo me atravesó;Un líder social habla del escalofrío que sintió justo antes de un atentado contra su vida.;na;lider;;64;66;10
139-VI-00003;Ya está para hacer llover;anticipaciones;na;Algo me atravesó;Un campesino habla de la sensación que lo invadió cuando un miembro de la guerrilla entró a su casa buscando a su yerno.;na;campesino;victima guerrilla;66;68;11
047-VI-00097;Aleida;anticipaciones;na;Algo me atravesó;Una afrocolombiana presintió el asesinato de una conocida suya luego de ver que una bala atravesaba a un perro.;na;afrocolombiana;;68;70;12
159-VI-00026;De ahí en adelante me mataron;anticipaciones;na;Algo me atravesó;Una campesina confirmó su temor luego de que el perro que acompañaba a su esposo volviera solo a la casa.;na;campesina;;70;72;13
427-CO-00208;Monstruo blanco;anticipaciones;na;¿Escuchaste eso?;Una pareja de campesinos recuerda la llegada del jefe paramilitar Carlos Castaño en un helicóptero blanco como el anuncio del terror que los terminaría desplazando.;na;"campesino,campesina";victima paramilitares;73;74;14
199-VI-00018;En la boca del lobo;anticipaciones;na;¿Escuchaste eso?;Una maestra rural indígena habla de las amenazas y de las invasiones de grupos guerrilleros y paramilitares a las escuelas en las que trabajaba en el Putumayo.;Putumayo;"maestra,rural,indigena";"victima paramilitares,victima guerrilla";75;77;15
175-AA-00004;"Amor, párese";anticipaciones;na;¿Escuchaste eso?;"Una mujer, exintegrante de la guerrilla de las FARC, cuenta su historia de amor durante la guerra y la última conversación que tuvo con su compañero.";na;"mujer,exintegrante FARC";guerrilla FARC;77;79;16
1060-HV-00167;Prepárate que algo se avanza en el camino;anticipaciones;na;¿Escuchaste eso?;"Una excombatiente de las FARC cuenta cómo conoció a su compañero siendo parte de la guerrilla, relación que se mantiene luego del Acuerdo de Paz y que ahora incluye dos hijos.";na;excombatiente FARC;guerrilla FARC;79;80;17
070-VI-00093;Eso a uno no lo dejaba dormir;anticipaciones;na;¿Escuchaste eso?;Una mujer del Cauca narra la zozobra que traían los favores que la guerrilla le pedía.;Cauca;mujer;victima guerrilla;80;81;18
229-VI-00015;"¡Hermano, desaparézcase ya de ahí!";anticipaciones;na;¿Escuchaste eso?;"Una artesana tuvo que salir de su pueblo junto con su esposo, luego de ganarse un chance y de que las FARC recelaran de su sorpresiva prosperidad.";na;artesana;victima guerrilla;81;83;19
032-VI-00029;Dígales que se vayan;anticipaciones;na;¿Escuchaste eso?;"Una campesina, madre de dos jóvenes que se volvieron objetivo militar por negarse a traficar drogas.";na;"campesina,madre";;84;86;20
353-HV-00012;¿Qué nos querrán decir?;anticipaciones;na;¿Escuchaste eso?;Un hombre paisa narra sus inicios como sindicalista y las amenazas y las muertes que sufrieron él y sus compañeros.;na;"hombre,sindicalista";;86;87;21
041-VI-00024;Como si Dios se fuera a acordar de mí;anticipaciones;na;Interventores divinos;Una docente antioqueña reafirma la conexión vital que tenía con su hermano en el momento en que lo matan los paramilitares.;Antioquia;docente;victima paramilitares;88;91;22
038-VI-00121;Tres credos y una salve;anticipaciones;na;Interventores divinos;Un campesino cuenta cuáles fueron las oraciones que lo salvaron después de que los paramilitares lo señalaran de guerrillero por haber pintado una escuela.;na;campesino;victima paramilitares;91;93;23
227-VI-00038;Fue una cosa divina;anticipaciones;na;Interventores divinos;Un campesino tuvo que pagarle la promesa al Milagroso de Buga luego de que lo salvara del fuego cruzado entre las FARC y el Ejército.;na;campesino;victima;93;95;24
112-VI-00012;Como una revelación;anticipaciones;na;Interventores divinos;Una mujer relata los sueños y las apariciones de la Virgen que le advirtieron de la incursión de los grupos armados a su territorio.;na;mujer;victima;95;96;25
294-VI-00006;El crucifijo;anticipaciones;na;Interventores divinos;Una mujer que trabaja en el comercio de Buenaventura cuenta que la Policía le desapareció al hijo.;Buenaventura;mujer;victima policia;97;99;26
320-EE-00018;La consejera Tachi Nave;anticipaciones;na;Interventores divinos;"Tres hombres de la comunidad indígena wounaan narran la oleada evangelizadora en su territorio, la consejera Tachi Nave, enviada del dios Ewandam, ha llegado para protegerlos.";na;"indigena,hombre";;99;101;27
461-PR-00326;Los árboles tienen un espíritu;anticipaciones;na;Emisarios de la naturaleza;Un escritor indígena comparte las leyes indígenas ancestrales que enmarcan su comprensión de las muertes por la guerra.;na;"indigena,escritor";;102;103;28
140-VI-00053;En el campo le daban interpretaciones a eso;anticipaciones;na;Emisarios de la naturaleza;"Un campesino, perteneciente a la Academia de Historia de Neiva, habla de su niñez en el campo y de cómo la guerra permeaba la cotidianidad rural.";na;campesino;;103;105;29
195-VI-00037;Pa poderme ir a dormir tranquilo;anticipaciones;na;Emisarios de la naturaleza;"La hija de un enfermero cuenta que un ave de la muerte le anticipó el asesinato de su padre, quien había sido obligado a atender a unos paramilitares heridos.";na;hija;victima;105;106;30
225-VI-00030;Tomar la delantera;anticipaciones;na;Emisarios de la naturaleza;Una campesina recuerda al perro que le salvó la vida en un campo minado.;na;campesina;;107;108;31
253-VI-00023;Un dolor y el pájaro de la muerte;anticipaciones;na;Emisarios de la naturaleza;Una indígena habla de lo que le advirtió que Los Masetos iban a secuestrar a su esposo.;na;indigena;;108;109;32
194-VI-00002;Usted está amarradito a mi vida;anticipaciones;na;Emisarios de la naturaleza;"Una mujer retirada de la Policía, viuda de un suboficial miembro del Comando Jungla que murió por un explosivo que lanzó la guerrilla a su campamento, dice que sintió la  muerte de su esposo cuando un enjambre de abejas entró al pasillo del batallón donde lo esperaba.";na;"mujer,expolicia";victima guerrilla;109;110;33
237-VI-00061;La womaipa;anticipaciones;na;Ironía de la muerte;"Un antropólogo wayuu explica la conexión vital que hay entre su pueblo y su territorio, y el porqué es vital permanecer en él.";na;"antropologo,indigena";;111;112;34
580-VI-00003;Fueron cayendo como moscas;anticipaciones;na;Ironía de la muerte;"Una artista, militante del Partido Comunista de Colombia, hace el recuento de sus exilios por la persecución del grupo MAS y de agentes estatales.";na;"artista,comunista";"victima estado,victima MAS";112;116;35
139-VI-00096;Como si la muerte le dijera qué hacer;anticipaciones;na;Ironía de la muerte;"Una estudiante, hija del presidente del Concejo Municipal de Tarqui en el 2000, cuenta el asesinato de su padre a manos de las FARC.";Tarqui;"estudiante,hija";victima FARC;116;118;36
107-VI-00002;Ese día su cara brillaba;anticipaciones;na;Ironía de la muerte;"Una militante de la Juventud Comunista narra desde el exilio la persecución y tortura de su esposo por parte del DAS y el Ejército, y la experiencia de tener a su hija durante la desaparición del padre.";na;comunista;"victima DAS, victima ejercito";118;120;37
058-VI-00023;Anoche estuvimos y no amanecimos;anticipaciones;na;Ironía de la muerte;Una campesina recuerda a su esposo asesinado por el MAS en 1980.;na;"campesina,esposa";victima MAS;121;123;38
280-VI-00001;No me quiso decir que era él;anticipaciones;na;Ironía de la muerte;Una joven del Guaviare que se resistía a ser reclutada por los grupos armados narra el suicidio de un amigo guerrillero al que le prohibieron visitar a la madre.;Guaviare;joven;guerrilla;123;124;39
132-VI-00012;Semana de gracia;anticipaciones;na;Ironía de la muerte;"Una lideresa ambiental narra la única despedida de su esposo militar, quien tenía la costumbre de no despedirse porque daba por sentado que iba a volver.";na;"lideresa,esposa";militar;124;128;40
195-VI-00025_1;Como una finca sin agua;anticipaciones;na;Ironía de la muerte;La hija de una lideresa social de Puerto Triunfo recuerda la despedida que le hizo el barrio a su madre asesinada por las AUC.;Puerto Triunfo;hija;"victima AUC,victima paramilitares";128;131;41
088-AA-00002_2;Mayra;anticipaciones;na;Cuando el mundo se bifurca;Una joven del sur de Bolívar cuenta el cruce de situaciones que la llevaron a ingresar a la guerrilla.;Bolívar;"joven,guerrilla";;132;132;42
075-AA-00003;Eliseo;anticipaciones;na;Cuando el mundo se bifurca;Un barequero tuvo que desplazarse para buscar otras posibilidades de vida.;na;barequero;;132;132;43
238-AA-00001_1;Alminda;anticipaciones;na;Cuando el mundo se bifurca;"Una indígena kankuama ingresó a las FARC a una edad muy temprana, lo cual le permitió formarse dentro de la organización.";na;"indigena,exintegrante FARC";;133;133;44
075-AA-00002;Inés;anticipaciones;na;Cuando el mundo se bifurca;Una joven fue regalada por su madre.;na;"joven,hija";;133;133;45
411-PR-00309;Steven;anticipaciones;na;Cuando el mundo se bifurca;Un joven de Medellín perdió a toda su familia en la catástrofe de Villatina y tiempo después fue amparado por las AUC.;Medellín;"joven,exintegrante AUC";;133;133;46
1060-HV-00161_1;La Mona;anticipaciones;na;Cuando el mundo se bifurca;Una universitaria que fue reclutada por las AUC cuando se desplazaba para Villavicencio.;Villavicencio;"universitaria,exintegrante AUC";;134;134;47
1060-HV-00155_1;Anita;anticipaciones;na;Cuando el mundo se bifurca;"Una joven recuerda que su madre la abandonó y la dejó a merced de su padre, lo que la obligó a tomar decisiones cruciales en su vida.";na;"joven,hija";;134;134;48
NO-ID-0;Alonso;anticipaciones;na;Cuando el mundo se bifurca;"Intervención pública, Espacios de Escucha de la CEV. Un abogado se manifiesta en contra del servicio militar obligatorio luego de haber sido educado en un colegio militar.";na;abogado;;135;135;49
194-VI-00035;José;anticipaciones;na;Cuando el mundo se bifurca;Un militar relata las consecuencias que trajo el asesinato de sus familiares por parte de agentes del Estado y de las guerrillas.;na;militar;"victima estado,victima guerrillas";135;135;50
150-AA-00001_1;Andrés;anticipaciones;na;Cuando el mundo se bifurca;Un joven del Tolima ingresó desde temprana edad a la guerrilla.;Tolima;"joven,guerrilla";;135;136;51
428-AA-00428;Carlos;anticipaciones;na;Cuando el mundo se bifurca;"Un hombre del Quindío se fue al Caquetá, donde decidió ingresar a la Policía animado por su hermano.";Caquetá;"hombre,policia";;136;136;52
266-AA-00002_1;Andrea;anticipaciones;na;Cuando el mundo se bifurca;Una mujer ingresó a la guerrilla después de que los paramilitares desaparecieran a su papá.;na;"mujer,exintegrante guerrilla";victima paramilitares;136;137;53
098-AA-00001;Miguel;anticipaciones;na;Cuando el mundo se bifurca;Un hombre tuvo que vivir diferentes desplazamientos en su infancia por culpa de la persecución política que sufría su familia.;na;hombre;;137;138;54
230-AA-00004;Pedro Pablo;anticipaciones;na;Cuando el mundo se bifurca;Un hombre recuerda lo que implicó para su cotidianidad el hecho de recibir amenazas del Ejército.;na;hombre;victima ejercito;138;138;55
565-AA-00002;Nelson;anticipaciones;na;Cuando el mundo se bifurca;Un policía trata de desentrañar las dinámicas del territorio en el que se crio y que lo llevaron a ser esa persona.;na;policia;;138;139;56
1136-HV-00163;Ángela;anticipaciones;na;Cuando el mundo se bifurca;Una mujer cuenta por qué ingresó al Inpec.;na;"mujer,INPEC";;139;139;57
1060-HV-00162_1;Stefany;anticipaciones;na;Cuando el mundo se bifurca;Una joven relata su ingreso al Ejército después de obtener el título de bachiller.;na;"joven,ejercito";;139;140;58
654-VI-00025;Doña Julia;anticipaciones;na;Cuando el mundo se bifurca;Una mujer es víctima de desplazamiento forzado y del reclutamiento de varios de sus hijos por parte de grupos armados.;na;mujer;victima;140;140;59
073-VI-00012;Doña Constanza;anticipaciones;na;Cuando el mundo se bifurca;Una mujer recuerda el último instante en que vio a su hijo.;na;"mujer,madre";;140;140;60
1376-CI-02066;La reina del monte;anticipaciones;na;Cuando el mundo se bifurca;"Diana Carol Forero, poeta testimoniante.";na;poeta;;141;141;61
1136-CO-00908_1;El lugar de lo sagrado;devastaciones;Los lugares rotos;Diálogos con la naturaleza;Un arhuaco traduce las palabras de un mamo durante una conversación sobre el perdón y la reparación en el Cesar.;Santa Marta;arhuaco;;185;185;62
1136-CO-00908_2;¿Y qué es la violencia?;devastaciones;Los lugares rotos;Diálogos con la naturaleza;Un arhuaco traduce las palabras de un mamo durante una conversación sobre el perdón y la reparación en el Cesar.;Santa Marta;arhuaco;;185;187;63
1136-CO-00908_3;¿Su paz?;devastaciones;Los lugares rotos;Diálogos con la naturaleza;"Un arhuaco traduce las palabras de un mamo durante una conversación sobre el dolor infligido a la Madre Tierra, en Santa Marta.";Santa Marta;arhuaco;;187;189;64
1136-CO-00908_4;Violencias que no terminan;devastaciones;Los lugares rotos;Diálogos con la naturaleza;"Un arhuaco traduce las palabras de un mamo durante una conversación sobre el dolor infligido a la Madre Tierra, en Santa Marta.";Santa Marta;arhuaco;;189;190;65
276-VI-00020_1;Envenenados;devastaciones;Los lugares rotos;Paisajes que cambian;"Un profesor, exmilitante de A Luchar, narra lo que implicaba el paso a caballo de la guerrilla por el Huila.";Huila;"profesor,exmilitante,A Luchar";exmilitante;191;191;66
276-VI-00020_2;Tierra sacudida;devastaciones;Los lugares rotos;Paisajes que cambian;"Un profesor, exmilitante de A Luchar, narra lo que implicaba el paso a caballo de la guerrilla por el Huila.";Huila;"profesor,exmilitante,A Luchar";exmilitante;191;192;67
274-VI-00003_1;Fuego cruzado;devastaciones;Los lugares rotos;Paisajes que cambian;Un hombre de San José del Guaviare recuerda a sus animales asesinados por explosivos y los remanentes de la estadía del Batallón del Ejército.;San José del Guaviare;hombre;victima;192;192;68
200-VI-00036;Huellas;devastaciones;Los lugares rotos;Paisajes que cambian;Un exsoldado profesional habla de las heridas sobre su cuerpo y el territorio que dejó la explosión de una mina antipersonal.;na;exsoldado;victima mina;192;193;70
274-VI-00003_2;Fortalezas de barro;devastaciones;Los lugares rotos;Paisajes que cambian;Un hombre de San José del Guaviare recuerda a sus animales asesinados por explosivos y los remanentes de la estadía del Batallón del Ejército.;San José del Guaviare;hombre;victima;193;193;69
059-VI-00008;Guindar;devastaciones;Los lugares rotos;Paisajes que cambian;"Un pequeño ganadero, funcionario del Incora, advierte de los artefactos explosivos que se quedaron agarrados de los árboles después del ataque guerrillero a una patrulla del Ejército.";na;ganadero;;193;193;71
1247-CO-00931_1;Un mangle que no crece;devastaciones;Los lugares rotos;Las fronteras del océano;Sabedoras y sabedores afrocolombianos hablan del daño infligido al manglar de San Cipriano por los actores armados ilegales y las acciones estatales.;Manglar San Cipriano;sabedoras y sabedores;;193;194;72
1247-CO-00931_2;Olores de la guerra;devastaciones;Los lugares rotos;Las fronteras del océano;Sabedoras y sabedores afrocolombianos hablan del daño infligido al manglar de San Cipriano por los actores armados ilegales y las acciones estatales.;Manglar San Cipriano;sabedoras y sabedores;;194;195;73
1247-CO-00931_3;Un retrato;devastaciones;Los lugares rotos;Las fronteras del océano;Sabedoras y sabedores afrocolombianos hablan del daño infligido al manglar de San Cipriano por los actores armados ilegales y las acciones estatales.;Manglar San Cipriano;sabedoras y sabedores;;195;195;74
1247-CO-00931_4;Raíces vestidas de muerte;devastaciones;Los lugares rotos;Las fronteras del océano;Sabedoras y sabedores afrocolombianos hablan del daño infligido al manglar de San Cipriano por los actores armados ilegales y las acciones estatales.;Manglar San Cipriano;sabedoras y sabedores;;195;196;75
1247-CO-00931_5;Biologías de la violencia;devastaciones;Los lugares rotos;Las fronteras del océano;Sabedoras y sabedores afrocolombianos hablan del daño infligido al manglar de San Cipriano por los actores armados ilegales y las acciones estatales.;Manglar San Cipriano;sabedoras y sabedores;;196;197;76
1247-CO-00931_6;Invasores;devastaciones;Los lugares rotos;Las fronteras del océano;Sabedoras y sabedores afrocolombianos hablan del daño infligido al manglar de San Cipriano por los actores armados ilegales y las acciones estatales.;Manglar San Cipriano;sabedoras y sabedores;;197;197;77
1174-CO-00987_7;Chapoteos;devastaciones;Los lugares rotos;Las fronteras del océano;"Una mujer y un hombre del Consejo Comunitario Mayor de la Asociación Campesina Integral del Atrato (Cocomacia) narran la transformación de las prácticas de las comunidades negras en torno al río como
resultado de la violencia.";Atrato;mujer y hombre;;198;199;78
070-PR-00891;La fosa;devastaciones;Los lugares rotos;Las fronteras del océano;"Una mujer negra de Buenos Aires, Cauca, narra la transformación de un río en cementerio por la presencia de los paramilitares.";"Buenos Aires, Cauca";"mujer, negra";;199;199;79
044-VI-00013_1;La culpa no es del río;devastaciones;Los lugares rotos;Las fronteras del océano;"Una mujer negra perteneciente a una organización de víctimas explica que no es culpa del río que los paramilitares lo
hayan convertido en cómplice de la guerra.";na;"mujer, negra";victima paramilitares;199;200;80
769-PR-02840;La Mamá de los Muertos;devastaciones;Los lugares rotos;Las fronteras del océano;"Una mujer de Marsella, Risaralda, recibió el sobrenombre de la Mamá de los Muertos por recuperar algunos de los cadáveres que bajaban por el río Cauca.";"Marsella, Risaralda";mujer;;200;201;81
1174-CO-00987_1;El cacao que mató al chocolate;devastaciones;Los lugares rotos;Las fronteras del océano;Líderes y lideresas del Consejo Comunitario Mayor de la Asociación Campesina Integral del Atrato (Cocomacia) rebaten las políticas estatales que han devastado la naturaleza de su territorio.;Atrato;lideres y lideresas;;201;201;82
1174-CO-00987_2;¿Caña parada por caña negra?;devastaciones;Los lugares rotos;Las fronteras del océano;Líderes y lideresas del Consejo Comunitario Mayor de la Asociación Campesina Integral del Atrato (Cocomacia) rebaten las políticas estatales que han devastado la naturaleza de su territorio.;Atrato;lideres y lideresas;;201;201;83
1023-EE-00127;Cultivo de negros;devastaciones;Los lugares rotos;Las fronteras del océano;Una mujer del Consejo Comunitario Mayor del río Anchicayá comenta que las fumigaciones al territorio perjudicado a la población y a los cultivos nativos.;Río Anchicayá;mujer;;202;202;88
1174-CO-00987_3;La masacre de las gallinas;devastaciones;Los lugares rotos;Las fronteras del océano;Líderes y lideresas del Consejo Comunitario Mayor de la Asociación Campesina Integral del Atrato (Cocomacia) rebaten las políticas estatales que han devastado la naturaleza de su territorio.;Atrato;lideres y lideresas;;202;203;84
1174-CO-00987_4;Los entables nómadas;devastaciones;Los lugares rotos;Las fronteras del océano;Líderes y lideresas del Consejo Comunitario Mayor de la Asociación Campesina Integral del Atrato (Cocomacia) rebaten las políticas estatales que han devastado la naturaleza de su territorio.;Atrato;lideres y lideresas;;203;204;85
044-VI-00013_2;¿Ya uno con qué ganas?;devastaciones;Los lugares rotos;Las fronteras del océano;"Una mujer de Telembí, Nariño, muestra las marcas que le ha dejado la minería de oro a su territorio.";"Telembí, Nariño";mujer;;204;204;89
1174-CO-00987_5;La batea y unos cachos;devastaciones;Los lugares rotos;Las fronteras del océano;Líderes y lideresas del Consejo Comunitario Mayor de la Asociación Campesina Integral del Atrato (Cocomacia) rebaten las políticas estatales que han devastado la naturaleza de su territorio.;Atrato;lideres y lideresas;;204;204;86
1174-CO-00987_6;El peón de entable minero;devastaciones;Los lugares rotos;Las fronteras del océano;Líderes y lideresas del Consejo Comunitario Mayor de la Asociación Campesina Integral del Atrato (Cocomacia) rebaten las políticas estatales que han devastado la naturaleza de su territorio.;Atrato;lideres y lideresas;;205;205;87
238-VI-00062;Que no se acaben nuestras sagas;devastaciones;Los lugares rotos;La muerte de las sabedoras y los ancianos;Una indígena wiwa cuenta que la violación de un soldado a una niña que se estaba preparando para ser autoridad tradicional desincentivó la preparación de otras niñas con este fin y secó una laguna.;na;"indigena,wiwa";;206;207;90
208-CO-00428;Médico tradicional no tenemos;devastaciones;Los lugares rotos;La muerte de las sabedoras y los ancianos;Dos hombres indígenas dialogan sobre lo que implica la pérdida del médico tradicional para su comunidad tras su asesinato por los paramilitares.;na;indigenas;victima paramilitares;207;207;91
1247-EE-00291;"Del tabaco, la coca y la manicuera";devastaciones;Los lugares rotos;La muerte de las sabedoras y los ancianos;Dos hombres uitotos pertenecientes al Consejo Regional Indígena del Medio Amazonas hablan de las enseñanzas que el creador les dejó en las plantas ancestrales.;Amazonas;"indigenas,utotos";;207;208;92
1136-CO-00908_6;La palabra recogida;devastaciones;Los lugares rotos;La muerte de las sabedoras y los ancianos;"Un arhuaco traduce las palabras de un mamo en la Sierra Nevada de Santa Marta, quien explica la importancia de los mamos como líderes espirituales de su pueblo.";Santa Marta;"indigena,arhuaco,mamo";;208;208;94
1136-CO-00908_5;"Y ese desbalance, ¿cómo se arregla?";devastaciones;Los lugares rotos;La muerte de las sabedoras y los ancianos;"Un arhuaco traduce las palabras de un mamo en la Sierra Nevada de Santa Marta, quien explica la importancia de los mamos como líderes espirituales de su pueblo.";Santa Marta;"indigena,arhuaco,mamo";;209;209;93
1134-HV-00176_1;Desde el techo del cosmos;devastaciones;Los lugares rotos;Espíritus testimoniantes;Un médico tradicional y traductor de la etnia indígena andoque cuenta que los espíritus habitan la naturaleza y cómo armonizan con ellos.;na;"medico tradicional,traductor,indigena,andoque";;210;210;95
1247-EE-00290;Espíritus incorpóreos;devastaciones;Los lugares rotos;Espíritus testimoniantes;Un médico tradicional y traductor andoque habla de la tristeza que sienten los seres de la naturaleza con la destrucción infligida por el ser humano.;na;"medico tradicional,traductor,indigena,andoque";;210;211;97
1246-VI-00001;Dos esmeraldas;devastaciones;Los lugares rotos;Espíritus testimoniantes;"Una ambientalista de nacionalidad estadounidense narra, veintidós años después, lo que significó para ella y para la tierra el asesinato de su compañero junto con otros dos indigenistas a manos de las FARC.";na;"ambientalista,estadounidense,mujer";victima FARC;212;213;98
1134-HV-00176_2;Energías de paz;devastaciones;Los lugares rotos;Espíritus testimoniantes;Un médico tradicional y traductor de la etnia indígena andoque cuenta que los espíritus habitan la naturaleza y cómo armonizan con ellos.;na;"medico tradicional,traductor,indigena,andoque";;213;214;96
1247-CO-00931;Verdades del monte;devastaciones;Los lugares rotos;Espíritus testimoniantes;"Un hombre negro, sabedor y habitante del pacífico colombiano, habla de los secretos y las verdades que atestigua y guarda el monte, y de las estrategias que tiene para sanar el territorio. ";Pacífico;"hombre,negro,sabedor";;214;215;99
856-EE-00313;¿Cómo eran las carpas?;devastaciones;Los lugares rotos;Lo inhabitable;Tres mujeres pertenecientes a la comunidad rrom cuentan que sus tradiciones se han perdido y transformado debido al desplazamiento forzado y el confinamiento al que las sometieron los diferentes actores armados.;na;"mujeres,rrom";victima desplazamiento;216;220;100
377-HV-00097;A la gente todo le quitaban;devastaciones;Los lugares rotos;Lo inhabitable;"Un afrocolombiano, líder social e integrante del Consejo Comunitario Integración del Telembí, narra cómo la guerrilla y los paramilitares despojaron a las negritudes en sus territorios, incluso de sus formas de peinarse.";"Telembí, Nariño";"afrocolombiano,lider social";"victima paramilitares,victima guerrilla";220;222;101
441-VI-00004;Yo no estoy pa que me controlen;devastaciones;Los lugares rotos;Lo inhabitable;"Una indígena uitoto, una lideresa campesina y una joven recuerdan el encierro al que las confinaba el control de los grupos armados sobre su territorio.";na;"indigena,uitoto";victima confinamiento;222;225;102
031-VI-00014;Uno ya no tenía nada fijo;devastaciones;Los lugares rotos;Lo inhabitable;"Una indígena uitoto, una lideresa campesina y una joven recuerdan el encierro al que las confinaba el control de los grupos armados sobre su territorio.";na;lideresa campesina;victima confinamiento;222;225;103
377-HV-00141;Objetivo;devastaciones;Los lugares rotos;Lo inhabitable;"Una indígena uitoto, una lideresa campesina y una joven recuerdan el encierro al que las confinaba el control de los grupos armados sobre su territorio.";na;joven;victima confinamiento;222;225;104
416-VI-00001;Todo se fue amarillando;devastaciones;Los lugares rotos;Lo inhabitable;"Una campesina del Putumayo, esposa de un cultivador de coca, cuenta las dinámicas de la guerra que los desplazaron y la falta que le hace el campo.";Putumayo;esposa;victima desplazamiento;226;227;105
NO-ID-1;La finada laguna del Lipa;devastaciones;Los lugares rotos;Lo inhabitable;"Una mujer nacida en Arauquita narra cómo, tras la explotación petrolera, la laguna del Lipa se seca y el departamento de Arauca empieza a presentar escasez de agua y alimento.";Arauca;mujer;;228;229;106
616-VI-00002;Villarrica;devastaciones;Los lugares rotos;Lo inhabitable;"Una mujer habla de la toma guerrillera de Villarrica, que en 1999 la obligó a exiliarse con su familia en Canadá.";Villarica;mujer;"victima guerrilla,victima exilio";229;231;107
703-VI-00003;"Aquí, en tierra prestada";devastaciones;Los lugares rotos;Vivir moviéndose;"Un palenquero, líder del Consejo Comunitario Macancamaná de San Basilio de Palenque, narra el desplazamiento causado por los paramilitares en la vereda de La Bonga en el  2001.";"Mancamaná, San Basilio de Palenque";palenquero;"victima desplazamiento,victima paramilitares";232;233;108
266-AA-00002_2;La vida como un libro;devastaciones;Los lugares rotos;Vivir moviéndose;"Una excombatiente de las FARC habla de su encarcelamiento, el embarazo en ese encierro y su liberación luego del Acuerdo de Paz.";na;mujer;excombatiente FARC;233;236;109
311-VI-00002;Películas de Vietnam;devastaciones;Los lugares rotos;Vivir moviéndose;Un exintegrante de la Policía cuenta la cotidianidad del secuestro del que es víctima después de la Toma de Mitú realizada por las FARC en 1998 y los mensajes de radio que se  enviaba con sus familiares estando en cautiverio.;"Mitú, Putumayo";;"expolicia,victima secuestro";236;240;110
237-AA-00002;"Así sea un minuto de cárcel, no deja de ser cárcel";devastaciones;Los lugares rotos;Vivir moviéndose;Un excombatiente de las FARC recuerda su encarcelamiento y las comunidades que se formaban dentro de la cárcel debido a su identidad como miembro de esa guerrilla.;nna;;excombatiente FARC;240;243;111
278-VI-00030;Aguantar la montaña;devastaciones;Los lugares rotos;Vivir moviéndose;"Tres jóvenes relatan su experiencia durante la Operación Berlín, realizada por el Ejército contra las FARC a principios del 2000 en Norte de Santander.";Norte de Santander;joven;;243;245;112
314-VI-00003;La ropa como hielo;devastaciones;Los lugares rotos;Vivir moviéndose;"Tres jóvenes relatan su experiencia durante la Operación Berlín, realizada por el Ejército contra las FARC a principios del 2000 en Norte de Santander.";Norte de Santander;joven;;243;245;113
166-VI-00010;"Si hay un dios, fue una amiga";devastaciones;Los lugares rotos;Vivir moviéndose;"Tres jóvenes relatan su experiencia durante la Operación Berlín, realizada por el Ejército contra las FARC a principios del 2000 en Norte de Santander.";Norte de Santander;joven;;243;245;114
221-VI-00028;El otro corazón de la oscuridad;devastaciones;Los lugares rotos;Vivir moviéndose;"Un hombre de la etnia indígena pastos, perteneciente al Cabildo La Montaña y que trabajaba en un cultivo de coca, narra las amenazas del ELN que lo obligaron a desplazarse.";na;"indigena,pastos";"victima ELN,victima desplazamiento";246;248;115
1101-VI-00002;Providencia;devastaciones;Los lugares rotos;Vivir moviéndose;"Una afrocolombiana narra su desplazamiento y posterior exilio al recibir amenazas de la guerrilla en la vereda La Viña, Nariño.";"La Viña, Nariño";afrocolombiana;"victima guerrilla,victima exilio,victima desplazamiento";248;251;116
291-VI-00001;Acá y allá;devastaciones;Los lugares rotos;La llegada;Un hombre que hace parte de un colectivo de migrantes narra la huida de su esposa e hijo por las amenazas de un grupo paramilitar y los impactos de su exilio en Argentina.;na;"hombre,migrante,esposo,padre";victima exilio;252;253;117
229-VI-00103;Éxodo;devastaciones;Los lugares rotos;La llegada;"Un campesino narra el desplazamiento masivo que emprenden él, su familia y algunos vecinos de la vereda La María en 1999 una la acción paramilitar.";Vereda La María;campesino;"victima desplazamiento,victima paramilitares";253;255;118
050-VI-00001;Yo no te puedo seguir más;devastaciones;Los lugares rotos;La llegada;Una pareja de profesores habla de su exilio a Canadá a raíz de las constantes amenazas hechas por paramilitares.;na;"pareja,profesores";"victima exilio,victima paramilitares";255;257;119
238-VI-00057_1;"Tabaco, un pueblo en el aire";devastaciones;Los lugares rotos;La llegada;"Una afrodescendiente de La Guajira cuenta el desplazamiento de la comunidad de Tabaco, que fue despojada de su territorio por el Ejército y la Policía en favor de una multinacional minera.";Guajira;afrodescendiente;"victima ejercito,victima policia,victima desplazamiento,victima mineria";257;261;120
246-AA-00001;El soldado lepra;devastaciones;Los lugares rotos;Los teatros del horror - intermedio;Unos militares retirados que participaron en los llamados «falsos positivos» explican las estrategias con las que asesinaban y luego hacían pasar a las víctimas por bajas en combate ;na;militar retirado;falsos positivos;262;266;121
235-AA-00002;El espíritu de dar resultados;devastaciones;Los lugares rotos;Los teatros del horror - intermedio;Unos militares retirados que participaron en los llamados «falsos positivos» explican las estrategias con las que asesinaban y luego hacían pasar a las víctimas por bajas en combate ;na;militar retirado;falsos positivos;262;266;122
185-PR-03211;Lecciones aprendidas;devastaciones;Los lugares rotos;Los teatros del horror - intermedio;Unos militares retirados que participaron en los llamados «falsos positivos» explican las estrategias con las que asesinaban y luego hacían pasar a las víctimas por bajas en combate ;na;militar retirado;falsos positivos;262;266;123
NO-ID-2;Como una rueda;devastaciones;Los lugares rotos;Los teatros del horror - intermedio;Unos militares retirados que participaron en los llamados «falsos positivos» explican las estrategias con las que asesinaban y luego hacían pasar a las víctimas por bajas en combate ;na;militar retirado;falsos positivos;262;266;124
251-VI-00021;Por tu silencio;devastaciones;Los lugares rotos;Los teatros del horror - intermedio;"Desde sus 73 años, hasta el día de su muerte, el padre de un subcomandante del Ejército se parqueó con su furgoneta en la Av. Séptima con Jiménez de Bogotá para pedir que se esclareciera y se hiciera justicia por el asesinato de su hijo, quien se opuso a participar en las ejecuciones
extrajudiciales de 2006 en Norte de Santander.";Norte de Santander;padre;victima ejercito;267;267;126
1003-VI-00002;Uno sabe quién es su hijo;devastaciones;Cuerpos fisurados;La vida de quien busca;Una mujer cuenta cómo se convirtió en defensora de derechos humanos luego de que le desaparecieran a su hijo en Soacha;Soacha;"mujer,madre";"victima ejercito, victima falsos positivos";269;272;127
169-VI-00045;Cajita de huesos;devastaciones;Cuerpos fisurados;La vida de quien busca;Una campesina de Norte de Santander recuerda la experiencia de buscar los cuerpos de sus hijos desaparecidos por el Ejército y los paramilitares.;Norte de Santander;"mujer,campesina,madre";"victima ejercito,victima paramilitares";273;276;128
419-VI-00011;Siquiera un adiós;devastaciones;Cuerpos fisurados;La vida de quien busca;Un padre añora encontrar el cuerpo de su hijo desaparecido por el ELN en San Andrés de Tumaco.;San Andres de Tumaco;"padre,hombre";victima ELN;276;278;129
237-VI-00043;Entre Fonseca y Barrancas;devastaciones;Cuerpos fisurados;La vida de quien busca;Una lideresa en el Caribe fue desplazada por su activismo y recurre a sueños y saberes ancestrales para encontrar el cuerpo de su esposo desaparecido.;Caribe;"mujer,esposa";victima desplazamiento;278;280;130
795-CO-00876;El mar de los desaparecidos - colección de fragmentos;devastaciones;Cuerpos fisurados;La vida de quien busca;Mujeres raizales recuerdan la llegada del narcotráfico a la isla de San Andrés y la devastación que esto trajo a sus vidas.;San Andres;"mujeres,raizales";victima;281;284;131
057-VI-00006;La muerte del jinete;devastaciones;Cuerpos fisurados;De muertes y sobrevivencias;"Una mujer cuenta la fantasía con la que, de niña, pretendía mantener vivo a su padre ausente.";na;"mujer,hija";;285;289;132
158-VI-00031;Quietecito;devastaciones;Cuerpos fisurados;De muertes y sobrevivencias;Un agricultor narra cómo sobrevivió a la Masacre del Maravillo cometida por grupos paramilitares en 1998.;Maravillo;agricultor;victima paramilitares;289;292;133
402-AA-00002;La noche que nunca olvidaré;devastaciones;Cuerpos fisurados;De muertes y sobrevivencias;Una excombatiente de las FARC cuenta la noche en la que sobrevivió a las heridas que había recibido en un combate contra el Ejército.;na;mujer;excombatiente FARC;292;294;134
056-VI-00025;Taparse los oídos;devastaciones;Cuerpos fisurados;De muertes y sobrevivencias;Un padre caucano habla de sus vivencias en medio de los hostigamientos entre las FARC y el Ejército y de cómo afectaron la salud mental de su hijo.;Cauca;"hombre,padre";"victima FARC,victima ejercito";294;295;135
200-AA-00002;Me dejaron botado;devastaciones;Cuerpos fisurados;De muertes y sobrevivencias;"Un exmiembro del Ejército habla con orgullo de ser militar y de lo que significó haber sido herido en combate, pero abandonado por la institución.";na;;exmilitar;295;299;136
057-VI-00009;¿Cuándo viene mi papá?;devastaciones;Cuerpos fisurados;Lo que no se cuenta;"Una mujer narra el secuestro, con fines extorsivos y violencia sexual, del que fue víctima a sus quince años por parte de la guerrilla.";na;mujer;victima secuestro;300;303;137
169-VI-00005;Bandera de guerra;devastaciones;Cuerpos fisurados;Lo que no se cuenta;Una mujer que pertenecía a la comunidad rrom y trabajaba en negocios ilícitos recuerda la época en que paramilitares y guerrilleros la usaban como botín de guerra.;na;"mujer,rrom";"victima guerrilla,victima paramilitares";303;307;138
1060-HV-00161_2;Hacer inteligencia;devastaciones;Cuerpos fisurados;Lo que no se cuenta;"Una mujer habla de la violencia de género, psicológica y física que vivió mientras hacía parte de la un grupo paramilitar. ";na;mujer;"exparamilitar,victima violencia genero";308;311;139
109-VI-00004;¿Por qué fuimos positivos?;devastaciones;Cuerpos fisurados;Lo que no se cuenta;Un hombre habla del día en que unos paramilitares lo retuvieron para abusar sexualmente de él junto con otros compañeros en Sucre.;Sucre;hombre;"victima paramilitares,victima abuso sexual";311;313;140
1376-CI-02065;Toda esa oleada;devastaciones;Cuerpos fisurados;Lo que no se cuenta;"Erik Arellana Bautista, poeta testimoniante.";na;poeta;;314;314;141
110-VI-00005;Vivir en alerta;devastaciones;Cuerpos fisurados;Identidades limítrofes - intermedio;Un joven homosexual del Caribe explica la tensión cotidiana con la que vivía debido al ordenamiento social instaurado por los paramilitares.;Caribe;"joven,homosexual";victima paramilitares;316;319;142
588-VI-00003;Donde acaba la peluquería;devastaciones;Cuerpos fisurados;Identidades limítrofes - intermedio;"Debido a múltiples violencias, una mujer transexual se ve obligada a transicionar de nuevo a hombre por las incesantes presiones de la Iglesia, la sociedad y los grupos armados.";na;"mujer,transexual";;319;327;143
205-VI-00006;Como la pluma en el aire;devastaciones;Cuerpos fisurados;Identidades limítrofes - intermedio;"Una mujer lesbiana del Caribe cuenta las formas de violencia que ha vivido desde niña: orfandad, desplazamiento y violencia sexual por parte de paramilitares para «corregir» su cuerpo.";Caribe;"mujer,lesbiana";"victima desplazamiento,victima violencia sexual,vinctima paramilitares";327;330;144
118-VI-00012;Como si fuéramos animales;devastaciones;Las palabras como armas;Enfrentados;Una exintegrante del M-19 habla de cómo fue detenida y torturada por militares en el Cantón Norte en plena época del Estatuto de Seguridad.;Canton Norte;;"exintegrante M19,victima militares";332;334;145
228-AA-00001;¿Quién me ingresó a las FARC? Pues el Ej[ercito Nacional;devastaciones;Las palabras como armas;Enfrentados;Un hombre cuenta que ingresó al grupo guerrillero para salvarse de la sospecha del Ejército.;na;hombre;excombatiente FARC;334;335;146
057-VI-01999;Por el hijo mío;devastaciones;Las palabras como armas;Enfrentados;"Un hombre recuerda a su hijo, asesinado durante su servicio en la Armada Nacional, y explica por qué le sería tan difícil encontrarse con los responsables de su muerte.";na;"hombre,padre";victima;335;337;147
112-VI-00046;En un noticiero yo la vi;devastaciones;Las palabras como armas;Enfrentados;"Dos hermanas caleñas narran las peripecias que tuvieron que atravesar por su pertenencia al M-19 y la desaparición de su hermana menor, también militante de esa guerrilla, durante la retoma del
Palacio de Justicia en diciembre de 1985.";Cali;"mujer,hermana";"exintegrante M19,palacio justicia";337;341;148
457-VI-00009;Siempre vigilado;devastaciones;Las palabras como armas;Huir de la avalancha;Un hombre habla de las sospechas que suscitó su color de piel en las FARC y cómo esto devino en su desplazamiento y en el asesinato de su hijo.;na;"hombre,padre";victima desplazamiento;342;344;149
056-VI-00005;Porte de soldado;devastaciones;Las palabras como armas;Huir de la avalancha;"Un indígena cuenta que fue señalado por las FARC debido a su contextura, pues, según ellos, se semejaba a la de un soldado.";na;indigena;victima FARC;345;347;150
237-AA-00001;Arias;devastaciones;Las palabras como armas;Huir de la avalancha;Dos jóvenes kankuamas explican que ingresaron a las FARC porque los paramilitares estaban matando de manera sistemática a todos los que tuvieran su apellido.;na;joven;excombatiente FARC;347;348;151
238-AA-00001_2;Arias;devastaciones;Las palabras como armas;Huir de la avalancha;Dos jóvenes kankuamas explican que ingresaron a las FARC porque los paramilitares estaban matando de manera sistemática a todos los que tuvieran su apellido.;na;joven;excombatiente FARC;349;349;152
319-VI-00007;El Rojo;devastaciones;Las palabras como armas;Huir de la avalancha;"Un joven perseguido en varios momentos de su vida por agentes del Estado habla de las consecuencias que trajo esto para sus familiares, con quienes compartía militancia política.";na;joven;victima Estado;350;352;153
031-VI-00025;Aceptar la muerte;devastaciones;Las palabras como armas;Huir de la avalancha;Un hombre relata hechos de persecución y violencia política contra dirigentes y militantes de la Juventud Comunista y la Unión Patriótica.;na;hombre;"victima persecucion politica,union patriotica";352;355;154
267-VI-00022;Con el evangelio en el bolsillo;devastaciones;Las palabras como armas;En la diferencia;Un hombre evangélico fue perseguido por las FARC debido a sus creencias.;na;hombre;victima FARC;356;359;155
058-VI-00033;Porque éramos punkis;devastaciones;Las palabras como armas;En la diferencia;Un joven punk cuenta que fue torturado por paramilitares del Bloque Cacique Nutibara de las AUC en Medellín debido a las actividades sociales que desarrollaba en su municipio y por su gusto musical.;Antioquia;"joven,punk";victima paramilitares;359;362;156
980-VI-00002;Ni se le ocurra decir que es gay;devastaciones;Las palabras como armas;En la diferencia;Un exmilitar habla de la persecución que recibía en el Ejército y de las amenazas de los paramilitares por su orientación sexual.;na;gay;"exmilitar,victima violencia genero";362;364;157
215-VI-00079;Por vivir en la calle;devastaciones;Las palabras como armas;En la diferencia;"La hermana de un exfuncionario de la Policía cuenta las experiencias traumáticas que afrontó su hermano en la institución y cómo, luego de ser destituido, empezó a vivir en la  alle y fue asesinado por otro policía que trabajaba con grupos paramilitares.";na;hermana;victima;365;368;158
795-VI-00002;Extraños en nuestra propia tierra;devastaciones;Las palabras como armas;"El uno, el mismo";"Dos mujeres raizales cuentan cómo la población de San Andrés y Providencia y Santa Catalina ha sido señalada de narcotraficante por las Fuerzas Armadas, la sociedad y las entidades estatales.";"San Andres, Providencia y Santa Catalina";"mujeres,raizales";victima;369;371;159
795-VI-00004;Existimos;devastaciones;Las palabras como armas;"El uno, el mismo";"Dos mujeres raizales cuentan cómo la población de San Andrés y Providencia y Santa Catalina ha sido señalada de narcotraficante por las Fuerzas Armadas, la sociedad y las entidades estatales.";"San Andres, Providencia y Santa Catalina";"mujeres,raizales";victima;369;371;160
238-VI-00035;Nadie quiso creerme;devastaciones;Las palabras como armas;"El uno, el mismo";"Una mujer negra, hija de una familia wayuu, habla del rechazo que le genera su ambiente familiar luego de haber sido capturada y torturada por la Sijín.";na;"mujer,negra";"victima tortura,victima Sijin";371;372;161
1270-VI-00001;Una sola casa grande;devastaciones;Las palabras como armas;"El uno, el mismo";Una mujer rrom relata las continuas oportunidades en las que ha sido discriminada por el Estado.;na;"mujer,rrom";victima Estado;372;374;162
236-VI-00001_1;"En el Pacífico sufres con tu gente, aquí sufres solo";devastaciones;Las palabras como armas;"El uno, el mismo";"Un joven negro narra las experiencias racistas que ha vivido desde niño y en el Ejército, donde entró a los dieciocho años.";na;"joven,negro";"victima racismo, miembro Ejercito";374;377;163
071-VI-00004;Con el uniforme del colegio;devastaciones;Las palabras como armas;La experiencia secuestrada - intermedio;Una mujer joven recuerda el secuestro en el que estuvo en poder de las FARC de los 11 a los 18 años.;na;"mujer,joven";"victima secuestro,victima FARC";379;382;164
1063-VI-00004;Un peón más del ajedrez;devastaciones;Las palabras como armas;La experiencia secuestrada - intermedio;Un suboficial relata que fue secuestrado después de que su tropa perdiera un enfrentamiento con las FARC.;na;;"victima secuestro,victima FARC,suboficial Ejercito";382;386;165
410-VI-00001;El talabartero;devastaciones;Las palabras como armas;La experiencia secuestrada - intermedio;Un exfuncionario de Ecopetrol narra la cotidianidad del secuestro en el que vivió por un año y medio.;na;;victima secuestro;386;390;166
068-VI-00027;La burguesía;devastaciones;Las palabras como armas;La experiencia secuestrada - intermedio;Un comerciante señalado por las FARC de enemigo del pueblo cuenta la cotidianidad del secuestro en que lo tuvo esta guerrilla.;na;comerciante;"victima secuestro,victima FARC";390;393;167
193-VI-00023;Vacíos;devastaciones;Fracturas del tiempo social;Senderos pedregosos;"Una mujer cuenta que aún le ruega a Dios que le muestre en dónde está su madre, que fue desaparecida por los paramilitares.";na;"mujer,hija";victima paramilitares;395;396;168
1060-HV-00155_2;"Era verraca, ahora estoy hecha de cristal";devastaciones;Fracturas del tiempo social;Senderos pedregosos;"Una exintegrante de las AUC, reconocida entre sus compañeros por su capacidad guerrera, cambia la lucha armada por otras actividades que sean de menor riesgo para su hijo.";na;"mujer,madre";exparamilitar;397;400;169
112-VI-00021;No tire la toalla;devastaciones;Fracturas del tiempo social;Senderos pedregosos;"Un hombre cuenta cómo un atentado de la guerrilla en Miranda, Cauca, lo aleja de una carrera como futbolista profesional por una discapacidad física que, además, trae consigo la posterior dificultad de lograr sus sueños.";"Miranda, Cauca";hombre;victima guerrilla;400;403;170
1060-HV-00162_2;¿Usted ya lo dio todo?;devastaciones;Fracturas del tiempo social;Senderos pedregosos;"Esta es la historia de una mujer exintegrante de las Fuerzas Militares que se vio obligada a desertar de la institución debido a la persecución que sufrió por parte de superiores y las afectaciones
psicológicas que le produjo la vida militar.";na;mujer;exmilitar;403;407;171
581-VI-00001;Sin el peso de la realidad;devastaciones;Fracturas del tiempo social;Senderos pedregosos;"Un joven autista habla del arte, que se convirtió en refugio del riesgo que representaba el trabajo de su padre en una entidad gubernamental.";na;"joven,autista,artista,hijo";;407;410;172
089-AA-00002;"Voy a experimentar una vida, la que me salga";devastaciones;Fracturas del tiempo social;Heredar la guerra;Una exintegrante de las FARC cuenta qué la llevó a unirse a este grupo armado cuando era una niña.;na;;exintegrante FARC;411;414;173
769-PR-02842;"Perdimos, pero lo intentamos";devastaciones;Fracturas del tiempo social;Heredar la guerra;Un artista que se exilió en Alemania tras la desaparición de su madre –una mujer que militaba en el M-19– cuenta que con los años se convirtió en el hombre que ella deseaba.;na;"artista,hijo";victima exilio;414;415;174
520-VI-00005;"Papá, ¿qué hizo ahora, mano?";devastaciones;Fracturas del tiempo social;Heredar la guerra;Un joven exiliado en Canadá habla de las consecuencias que dejó en su vida personal y familiar le hecho de que su padre haya sido torturado.;;"joven,hijo";victima exilio;415;419;175
341-VI-00014;Mi mayor tesoro;devastaciones;Fracturas del tiempo social;Heredar la guerra;"Un joven recuerda la ilusión que tenía de conocer a su padre, un policía que había sido secuestrado por las FARC mientras él estaba en el vientre de su madre.";na;"joven,hijo";victima exilio;419;422;176
118-VI-00008;Yuruparí;devastaciones;Fracturas del tiempo social;El tiempo pasa sin pasar;"Un indígena cuenta que ya no se puede llevar a cabo el Yuruparí, ritual en el que los niños yukuna pasan a ser hombres, debido al desplazamiento de la comunidad.";na;"indigena,yurupari";victima desplazamiento;423;424;177
308-AA-00001;Quinceañera;devastaciones;Fracturas del tiempo social;El tiempo pasa sin pasar;Una mujer que ingresó a los diez años a la guerrilla recuerda que no pudo celebrar sus quince años como su padre se lo había prometido.;na;mujer;exguerrillera;424;425;178
238-VI-00057_2;Baño de luna;devastaciones;Fracturas del tiempo social;El tiempo pasa sin pasar;Una mujer negra de La Guajira habla de los ritos que se hacían en la comunidad de Tabaco antes de que el Ejército y la Policía los desplazaran en el 2001.;Guajira;"mujer,negra";victima desplazamiento;425;426;179
089-VI-00022;La palabra;devastaciones;Fracturas del tiempo social;El tiempo pasa sin pasar;Una lideresa social wayuu cuenta cómo ella y su familia fueron despojadas de su tierra luego de que se abriera la mina El Cerrejón en La Guajira.;Guajira;"mujer,indigena,wayuu";"victima mineria,victima desplazamiento";427;429;180
452-VI-00002;Sangres de la tierra;devastaciones;Fracturas del tiempo social;El tiempo pasa sin pasar;Un líder indígena de la comunidad yuruparí cuenta que la defensa de los lugares sagrados convirtió el territorio Yarijué Apaporis en parque nacional.;"Yarijue, Apaporis";"lider,indigena";;429;431;181
1174-CO-00987_8;La novena;devastaciones;Fracturas del tiempo social;El tiempo pasa sin pasar;Dos líderes y dos lideresas negras del Consejo Comunitario Cocomacia cuentan por qué se perdió la tradición de la novena en su pueblo.;Cocomacia;"lideres,negras";;431;432;182
769-PR-02590_2;Ni Navidades ni cumpleaños;devastaciones;Fracturas del tiempo social;El tiempo pasa sin pasar;"Una mujer, integrante de Madres de los Falsos Positivos de Colombia, cuenta cómo la desaparición de su hijo ha truncado la conmemoración de diferentes fiestas.";na;"mujer,madre";victima falsos positivos;432;432;184
001-VI-00017;Suecia;devastaciones;Fracturas del tiempo social;El tiempo pasa sin pasar;"Un líder de la Unión Patriótica, exiliado en Suecia junto con su familia, dice que aún no se acostumbra a la cultura, el clima y las celebraciones de ese país.";na;"lider,Union Patriotica";victima exilio;432;433;185
1174-CO-00987_9;La Semana Santa: eso ya no existe;devastaciones;Fracturas del tiempo social;El tiempo pasa sin pasar;Un líder y una lideresa del Consejo Comunitario Mayor de la Asociación Campesina Integral del Atrato (Cocomacia) dialogan en torno a la transformación de la Semana Santa y la pérdida de interés por parte de los jóvenes hacia dicha conmemoración.;Cocomacia;lideres;;433;434;183
511-PR-00268;La vigilia de piedra;devastaciones;Fracturas del tiempo social;El tiempo pasa sin pasar;"Un hombre recuerda cuando la llegada de los grupos armados interrumpió el ritual de velar a la Virgen en El Rosario, Nariño. ";"El Rosario,Nariño";hombre;victima;434;434;186
415-VI-00002_1;La maloca;devastaciones;¿Violencias de larga temporalidad?;"Del hogar, las cenizas";"Un indígena perteneciente a la comunidad yurema del Vaupés conecta la llegada de los misioneros con la destrucción de la maloca como construcción arquitectónica y, con ella, parte de la cultura y del poder
comunitario.";Vaupes;"indigena,yurema";;436;437;187
584-EE-00029;El bohío;devastaciones;¿Violencias de larga temporalidad?;"Del hogar, las cenizas";"Un indígena de la comunidad motilón barí de Tibú denuncia muchas de las veces en las que les han destruido sus bohíos, lugar en el que nacen, crecen y mueren los integrantes de su comunidad.";Tibu;"indigena,bari";;437;437;188
059-VI-00024;La Guambia;devastaciones;¿Violencias de larga temporalidad?;"Del hogar, las cenizas";"Una mujer misak cuenta que después de la Colonia fueron obligados a deshabitar la guambia para vivir en casas cuadradas, y así evitar prácticas consideradas paganas.";Colonia;"mujer,indigena,misak";;438;439;189
461-VI-00034;Lenguas amarradas;devastaciones;¿Violencias de larga temporalidad?;La domesticación;"Un hombre de la etnia indígena ocaina habla de la violencia de los misioneros en La Chorrera, Amazonas.";"La Chorrera, Amazonas";"indigena,ocaina";;440;441;190
415-VI-00002_2;A punta de juete;devastaciones;¿Violencias de larga temporalidad?;La domesticación;Un hombre de la comunidad yurema del Vaupés cuenta que la educación religiosa impartida en el siglo XX los desarraigó de sus prácticas culturales.;Vaupes;"indigena,yurema";;441;441;191
439-EE-00068;Los indígenas tenemos pensamiento;devastaciones;¿Violencias de larga temporalidad?;La domesticación;"Un indígena de Tarapacá, Amazonas, dice que el accionar de los misioneros solo demuestra que estos piensan que los indígenas no tienen discernimiento.";"Tarapaca, Amazonas";indigena;;441;442;192
059-VI-00004;Zombis;devastaciones;¿Violencias de larga temporalidad?;La domesticación;"Una mujer misak de Ipiales, Nariño, habla de las consecuencias culturales de la imposición cultural del español como lengua.";"Ipiales,Nariño";"mujer,indigena,misak";;442;442;193
795-VI-00003_1;"El mar y la tierra, el sustento del raizal";devastaciones;¿Violencias de larga temporalidad?;Exterminio material e inmaterial;"Un líder raizal cuenta las transformaciones y la devastación del archipiélago de San Andrés, Providencia y Santa Catalina.";"San Andres, Providencia y Santa Catalina";"lider,raizal";;443;444;194
059-VI-00004_1;Ni una matita de algodón;devastaciones;¿Violencias de larga temporalidad?;Exterminio material e inmaterial;"Una mujer indígena misak dice que el algodón y la coca les fueron robados a su pueblo, lo que repercutió en la pérdida de actividades económicas y prácticas espirituales.";na;"mujer,indigena,misak";;444;444;195
059-VI-00004_2;La planta del diablo;devastaciones;¿Violencias de larga temporalidad?;Exterminio material e inmaterial;"Una mujer indígena misak dice que el algodón y la coca les fueron robados a su pueblo, lo que repercutió en la pérdida de actividades económicas y prácticas espirituales.";na;"mujer,indigena,misak";;444;445;196
335-EE-00078;Como perros;devastaciones;¿Violencias de larga temporalidad?;Exterminio material e inmaterial;Dos hombres –uno amorúa y otro sikuani– hablan sobre el despliegue en su territorio de un sistema que no valora la vida de los indígenas.;na;"indigenas,amorua,sikuani";;445;446;197
415-VI-00002_3;Nada bueno;devastaciones;¿Violencias de larga temporalidad?;Las nuevas caucherías;"Un hombre que hace parte de la comunidad yurema del Vaupés cuenta que su familia trabajó en las caucherías por necesidad, y que ahora él trabaja sembrando coca por razones similares.";Vaupes;"hombre,yurema";;447;448;198
795-VI-00003_2;El coqueteo: cuando llegó la plata;devastaciones;¿Violencias de larga temporalidad?;Las nuevas caucherías;"Un líder y autoridad raizal habla del auge de la marihuana y la coca, de las transformaciones del territorio por el narcotráfico, de la desintegración étnica y de los cambios en la vida de los
marineros y sus familias.";na;"lider,raizal";;448;449;199
236-VI-00001_2;Una economía secuestrada;devastaciones;¿Violencias de larga temporalidad?;Las nuevas caucherías;Un joven negro habla de las fracturas sociales provocadas por la economía cocalera en el Pacífico colombiano.;Pacífico;"joven,negro";;450;450;200
199-PR-00751;La voz de los ancestros;porvenir;Dolores que congregan;Ausencias que juntan;"Una mujer de la Organización Cimarrón del Putumayo, cuenta que el ritual del totumo y el llamado a los ancestros les han ayudado a encontrar cuerpos de jóvenes asesinados o desaparecidos por La Mano Negra y Los Masetos en Puerto Asís.";Putumayo;;;487;489;201
057-CO-00024;La caída de una iglesia;porvenir;Dolores que congregan;Ausencias que juntan;"Cinco mujeres cuentan que después de las masacres en Las Piedras y Toluviejo su comunidad decide reconstruir la iglesia, como una forma de edificar un lugar para convivir con el dolor.";Las Piedras;mujeres;;489;490;202
059-VI-00001;¿A dónde va el tiempo perdido?;porvenir;Dolores que congregan;Ausencias que juntan;"Un hombre del resguardo Pancitará, del pueblo yanacona, narra que después de ser víctima de una mina antipersonal decide conformar una asociación para apoyar a otras víctimas en el Cauca a vivir con las marcas en el cuerpo.";Cauca;"hombre,resguardo,yanacona";victima mina;490;494;203
645-VI-00013;Cómo volver de la muerte;porvenir;Dolores que congregan;Ausencias que juntan;"Una mujer narra cómo la construcción del salón del «Nunca más» en Granada, Antioquia, crea una comunidad que se une para recordar a sus familiares, amigos y vecinos asesinados en una masacre cometida por grupos paramilitares.";"Granada, Antioquia";mujer;victima paramilitares;494;495;204
110-VI-00004;Un tema de amor;porvenir;Dolores que congregan;Ausencias que juntan;Una lideresa social recuerda cómo recuperó el cuerpo de su esposo desaparecido en la toma del Palacio de Justicia gracias al apoyo de la familia de uno de los magistrados asesinados en ese lugar.;na;"mujer,lider";;495;499;205
070-VI-00035;El parto del tambor;porvenir;Dolores que congregan;Comunalidades que se crean;"Una mujer relata cómo pudo recuperar la confianza en los hombres, su vida personal y sus proyectos luego de ingresar a la Asociación de Las Tamboreras del Cauca.";Cauca;mujer;;500;501;206
194-VI-00010;A los héroes de la patria;porvenir;Dolores que congregan;Comunalidades que se crean;"Una joven estudiante miembro de la organización Con Ojos para Soñar narra cómo recuperó su vida con el apoyo de la Asociación después del asesinato de su esposo policía, los trámites burocráticos y el abandono por parte de la institución.";na;"joven,estudiante,esposa";;501;503;207
410-PR-00005;Iba contando el río;porvenir;Dolores que congregan;Comunalidades que se crean;"Un hombre, integrante del comité impulsor del Café de la Memoria, en Puerto Berrío, relata el camino de esta organización, que es un símbolo de la apuesta comunitaria por los procesos de reconciliación y memoria local.";Puerto Berrío;hombre;;503;505;208
050-VI-00008;En mi yeré;porvenir;Dolores que congregan;Comunalidades que se crean;Una mujer relata la conformación de una de las organizaciones más representativas de la lucha agraria y su participación como lideresa en la recuperación de tierra en Córdoba.;Cordoba;mujer;;505;508;209
083-VI-00006;Criptografías;porvenir;Dolores que congregan;Comunalidades que se crean;"Una mujer que fue torturada por la fuerza pública en la cárcel habla de las redes de apoyo que conformaban estudiantes de universidades públicas para quienes, como ella, hacían parte de movimientos estudiantiles y se encontraban privados de la libertad.";na;"mujer,estudiante";victima policia;509;511;210
431-PR-00126;Palabras atadas a mi garganta;porvenir;"Convivir, significar y resistir";El encuentro de lo perdido;Una mujer negra habla de su desplazamiento a causa de la violencia hacia la cabecera municipal del río Tapaje y de la escuela que conformó para recuperar los valores ancestrales de su pueblo.;Tapaje;"mujer,negra";;512;515;211
"688-VI-00005";El baile cantao’;porvenir;"Convivir, significar y resistir";El encuentro de lo perdido;"Cuatro lideresas comparten dos iniciativas en Libertad, San Onofre, con las que buscan recuperar parte de la cultura y de la cotidianidad con la danza, prohibida en su momento por los paramilitares.";"Libertad, San Onofre";"mujeres,lideresas";victimas paramilitares;515;518;212
150-AA-00001_2;Más de veinte años;porvenir;"Convivir, significar y resistir";El encuentro de lo perdido;Un exintegrante de las FARC relata el encuentro con su familia después de veinte años de lucha armada y su readaptación a la vida civil.;na;;exintegrante FARC;518;519;213
089-VI-00019;Cómo juegan en esa loma;porvenir;"Convivir, significar y resistir";El encuentro de lo perdido;Un indígena kankuamo habla de la reconstrucción de una cancha de fútbol como una forma de recuperar la confianza de la comunidad.;na;"indigena,kankuamo";;519;520;214
921-CO-00679;Tres piedras;porvenir;"Convivir, significar y resistir";El encuentro de lo perdido;"Mujeres yanaconas reconstruyen el desplazamiento forzado de su comunidad a Bogotá, y sus estrategias para no perder tradiciones como la de la Tulpa.";na;"mujeres,yanaconas";victima desplazamiento;521;522;215
349-PR-00591;Secretos divinos;porvenir;"Convivir, significar y resistir";El día a día que resguarda;"Una mujer perteneciente a la Asociación de Parteras del Municipio de Timbiquí, Cauca, habla de su labor en un contexto de guerra y cómo se ha perdido la relación con las tradiciones afro.";"Timbiqui, Cauca";"mujer,partera";;523;524;216
400-VI-00001;Profecías;porvenir;"Convivir, significar y resistir";El día a día que resguarda;"Un hombre negro, representante del Consejo Comunitario Rincón Guapo, cuenta que la fundación del Consejo se dio después de que se recuperara la tierra que había sido tomada por paramilitares, colonos y terratenientes.";na;"hombre,negro";victima;524;526;217
281-AA-00001;La niña;porvenir;"Convivir, significar y resistir";El día a día que resguarda;"Una exintegrante de las FARC cuenta el reencuentro con su familia, el inicio de la relación con su compañero y el nacimiento de su hija, que la motiva a trabajar por la paz.";na;madre;exintegrante FARC;526;527;218
1023-VI-00008;Las tradiciones;porvenir;"Convivir, significar y resistir";El día a día que resguarda;"Un afrodescendiente relata el desplazamiento que debieron emprender las comunidades del río Naya hacia Buenaventura, donde se resisten a ser desplazadas nuevamente por una empresa que reclama el territorio, amparada por la Policía y por grupos paramilitares.";Buenaventura;afrodescendiente;;527;529;219
056-VI-00010;El profe;porvenir;"Convivir, significar y resistir";El día a día que resguarda;"El director de una institución educativa de Descanse, Cauca, cuenta que la construcción de un colegio ha prevenido el reclutamiento de niñas, niños y adolescentes y ha permitido la creación de una asociación para incentivar el desarrollo local.";"Descanse,Cauca";;;530;532;220
393-EE-00005;Nojotros los cuidadores;porvenir;"Convivir, significar y resistir";El día a día que resguarda;"La comunidad indígena del resguardo Predio, en Putumayo, habla de la ruptura y destrucción de la armonía con la tierra causada por los colonos y de su rol como hermanos mayores y cuidadores de la naturaleza, además, resaltan la importancia de apropiar la ley de  rigen para el futuro.";Putumayo;comunidad indigena;;532;533;221
219-VI-00032;El miedo no puede ser tan verraco;porvenir;"Convivir, significar y resistir";Lugares para la vida;"Un indígena, presidente de la Junta de Acción Comunal del Barrio Centro, narra cómo la comunidad de Silvia, Cauca, decide resistir a las imposiciones de las FARC para transitar en el territorio por medio de la recuperación de un parque con una retreta.";"Silvia, Cauca";indigena;;534;534;222
393-EE-00061;La alegría de la chagra;porvenir;"Convivir, significar y resistir";Lugares para la vida;"Cinco mujeres indígenas hablan de la asociación de apoyo que construyeron para mantener sus conocimientos y prácticas ancestrales, después de haber sido desplazadas por el conflicto armado. ";na;"mujeres,indigenas";;535;536;223
247-VI-00008;Las vueltas del baile;porvenir;"Convivir, significar y resistir";Lugares para la vida;"Una mujer relata el regreso de la comunidad a Santa Isabel, Tolima, y el desarrollo de iniciativas como el Festival del Retorno, que busca recuperar espacios colectivos como la pista de baile.";"Santa Isabel, Tolima";mujer;;537;538;224
1252-HV-00172;Que me dé la vida para ver mi casa;porvenir;"Convivir, significar y resistir";Lugares para la vida;Un exintegrante de las FARC habla del proyecto Ciudadela de Paz del ETCR Tierra Grata y de sus sueños para construir su propia casa.;na;;exintegrante FARC;538;539;225
644-VI-00025;El mito de la guerra;porvenir;"Convivir, significar y resistir";Lugares para la vida;"Una docente explica las estrategias pedagógicas que ha desarrollado para difundir la memoria de su pueblo en los jóvenes de El Jordán, Santander.";"El Jordan, Santander";docente;;539;541;226
058-PR-00619;Una burbuja de rap;porvenir;"Convivir, significar y resistir";Desafiar la realidad y los futuros deseados;"Un hombre relata la historia de los movimientos juveniles de Sonsón, Antioquia, que denunciaron las acciones paramilitares en su territorio por medio de expresiones culturales como el hip-hop.";"Sonson, Antioquia";hombre;;542;544;227
160-VI-00085;El marica de los condones;porvenir;"Convivir, significar y resistir";Desafiar la realidad y los futuros deseados;Un joven homosexual cuenta por qué decidió hacer pública su identidad en el contexto de violencia en el que vivía y participar en proyectos de educación sexual.;na;"joven,homosexual";;544;546;228
325-VI-00002;Ni a los elenos ni a los farianos;porvenir;"Convivir, significar y resistir";Desafiar la realidad y los futuros deseados;Un indígena kankuamo narra cómo unos líderes del Resguardo Mayasquer decidieron enfrentar al ELN y las FARC para exigirles que aportaran al territorio que ellos también habitaban.;na;"indigena,kankuamo";;546;548;229
217-VI-00005;Bonita la paz;porvenir;"Convivir, significar y resistir";Desafiar la realidad y los futuros deseados;"Un hombre que se desplazó luego del bombardeo a las denominadas Repúblicas Independientes habla del retorno a El Pato, Balsillas, donde encuentra que las relaciones entre sociedad y fuerza pública se han transformado en redes de apoyo.";"El Pato, Baisilias";hombre;victima desplazamiento;548;550;230
431-PR-00481;El juicio de la señora Coca;porvenir;"Convivir, significar y resistir";Desafiar la realidad y los futuros deseados;"Un hombre, representante legal del Consejo Comunitario del Bajo Mira, dice que le gustaría replicar en el Pacífico nariñense un ritual con el que la comunidad de Yurumanguí agradeció y despidió a la coca de su territorio.";na;hombre;;550;552;231
266-AA-00002;Nadie le mira el pasado;porvenir;"Convivir, significar y resistir";Desafiar la realidad y los futuros deseados;Una exintegrante de las FARC habla de su proceso de reincorporación y de su labor como gestora de paz para prevenir la violencia entre jóvenes.;na;gestora paz;exintegrante FARC;552;553;232
1030-CO-00576;Mi palenque soñado;porvenir;"Convivir, significar y resistir";La desesperanza del futuro y la nostalgia del pasado;"Una mujer, representante de la Asociación de Mujeres Afrocolombianas por la Paz del Chocó, cuenta que las integrantes de la Asociación fueron desplazadas y que ahora pretenden construir un palenque chocoano en la capital colombiana.";Choco;"mujer,afrocolombiana";victima desplazamiento;554;556;233
430-VI-00002;¿Y si dejo de sentir?;porvenir;"Convivir, significar y resistir";La desesperanza del futuro y la nostalgia del pasado;Una mujer campesina que regresó al Putumayo tras el asesinato de dos de sus hijos habla del cordón fronterizo que conformó junto con otros compañeros para denunciar los atropellos de la Fuerza Pública y los paramilitares.;Putumayo;"mujer, campesina,madre";victima;556;558;234
1060-HV-00161;"Ni palitos, ni rayitas, ni ni mierda";porvenir;"Convivir, significar y resistir";La desesperanza del futuro y la nostalgia del pasado;Una exintegrante de las AUC habla de la precariedad del acompañamiento institucional que ha recibido luego del acuerdo suscrito entre esa organización y el Gobierno. ;na;;exintegrante AUC;558;561;235
228-VI-00071;A donde nunca quisiera volver;porvenir;"Convivir, significar y resistir";La desesperanza del futuro y la nostalgia del pasado;"Una mujer cuenta las amenazas que recibió de la guerrilla, las cuales la llevaron a desplazarse para luego asumir un liderazgo en favor del Acuerdo de Paz. En su relato, narra cómo actividades económicas como la minería, que aún se desarrollan en su territorio, llevarán a la repetición de la violencia.";na;mujer;victima desplazamiento;561;564;236
1174-HV-00150;El mangle que camina;porvenir;Territorios de la Escucha;na;"Una mujer afro, lideresa social y representante del Consejo Comunitario Villa Gloria de La Boquilla, Cartagena, describe la lucha de su pueblo por recuperar la ciénaga y el territorio ancestral de los que se apropiaron los terratenientes.";Cartagena;"mujer,afro,lideresa";;566;568;237
1136-HV-00175;Un acueducto en el desierto;porvenir;Territorios de la Escucha;na;"Un hombre wayuu cuenta cómo fue la construcción del microacueducto de la ranchería Kasichi y la recuperación ancestral del agua luego de la masacre de Albania, que fue cometida por la fuerza pública.";Albania;"hombre,wayuu";victima fuerza publica;568;571;238
1136-HV-00151_1;El retorno de un monte;porvenir;Territorios de la Escucha;na;"Un hombre narra cómo tuvo que desplazarse de su territorio por las amenazas recibidas por grupos paramilitares en su territorio. Luego, ahonda en su experiencia de retorno a La Jagua de Ibirico y describe de qué se trata el proyecto colectivo por la recuperación de la memoria y la promoción del turismo en la serranía del Perijá, del que hace parte.";Jagua de Ibirico;hombre;victima desplazamiento;571;574;239
1136-HV-00151_2;La locura de El Bonche;porvenir;Territorios de la Escucha;na;"Un grupo de jóvenes habla de la creación de la Casa Cultural El Bonche en Chalán, Sucre, un lugar para la construcción de paz en un contexto en el que los paramilitares aún rondan.";"Chalan, Sucre";jovenes;;574;577;240
1174-CO-00883_1;El estallido;porvenir;Territorios de la Escucha;na;"Historia narrada por jóvenes del Espacio Humanitario del Portal Américas, donde se describe cómo este constituye una forma de protección para los jóvenes en el contexto de protesta social nacional.";Bogota;jovenes;;577;581;241
1174-HV-00195;La sombra de los samanes;porvenir;Territorios de la Escucha;na;"Una mujer narra su historia como defensora de derechos humanos y con su trabajo relacionado con el teatro, y devela las razones que la llevaron a exiliarse en Canadá, desde donde lidera una iniciativa para la promoción de paz en Colombia.";na;"mujer,defensora";victima exilio;582;586;242
1174-HV-00196;El legado de las abejas;porvenir;Territorios de la Escucha;na;"Una mujer narra cómo, tras huir de las amenazas de grupos paramilitares, se organizó con un grupo de víctimas y emprendió un proceso productivo apícola de carácter ambiental y educativo en Arauca.";Arauca;mujer;;586;590;243
1060-HV-00157;Una oportunidad;porvenir;Encuentros;na;Un joven hijo de firmantes del Acuerdo relata su llegada al ETCR de Tierra Grata y su proyecto de vida trabajando por esa comunidad.;na;"joven,hijo";;592;595;244
1060-HV-00155;¡Cuánta gente inocente!;porvenir;Encuentros;na;"Una exintegrante de las AUC reflexiona sobre la «limpieza social» después de haber conocido de cerca la experiencia de un joven pandillero y de haber comenzado una relación con un exguerrillero, con quien trabajaba para el mejoramiento de vida de un barrio en Bogotá.";na;;exintegrante AUC;595;598;245
195-VI-00025_2;Tienen algo nuestro;porvenir;Encuentros;na;"Una joven, hija de una lideresa social de Puerto Triunfo, cuenta el proceso de reconciliación que emprendió para perdonar al comandante paramilitar que dio la orden de asesinar a su madre.";Puerto Triunfo;"joven,hija";victima paramilitares;598;600;246
1252-HV-00197;Con la excusa de las aves;porvenir;Encuentros;na;"Un biólogo cuenta cómo contactó a quienes lo tuvieron secuestrado quince años atrás y la manera como empezó la Expedición Bio, un proyecto con enfoque biológico y social que les ha permitido a excombatientes y víctimas compartir en un espacio mediado por la naturaleza.";na;"joven,biologo";victima secuestro;600;602;247
769-PR-02839;Mirarlos a los ojos;porvenir;Encuentros;na;Mujeres pertenecientes a la Asociación Caminos de la Esperanza cuentan el encuentro que tuvieron en la cárcel de La Paz con un grupo de paramilitares y lo que este significó para sus vidas.;na;mujeres;;603;604;248
216-VI-00095;Si vos supieras;porvenir;Encuentros;na;Una mujer dice que quiere perdonar para deshacerse de los dolores y el odio que siente en su cuerpo desde que la guerrilla mató a su hermano.;na;"mujer,hermana";victima guerrilla;604;605;249
074-VI-00004;Esa muerte me acompañó siempre;porvenir;Encuentros;na;Una mujer recuerda cuando la secuestraron en el Kilómetro 18 de Cali y la culpa que siente por la muerte de uno de sus compañeros de cautiverio.;Cali;mujer;victima secuestro;606;608;250
1174-HV-00198;"Hija, tengo que contarte algo";porvenir;Encuentros;na;Una mujer activista por los derechos de las personas en prisión relata el momento en el cual le pide perdón a su hija y a la fuerza pública durante el desarrollo de una obra de teatro en la cárcel donde se encontraba privada de la libertad.;na;"mujer,activista,madre";;608;609;251
088-AA-00002_1;Aunque tú no lo creas;porvenir;Encuentros;na;Una firmante del Acuerdo relata el reencuentro con un excompañero de guerra con quien actualmente mantiene una relación amorosa.;na;mujer;;609;610;252
1135-HV-00181;El Espíritu Santo habló por mí;porvenir;Encuentros;na;"Un empresario de Valledupar, tras el secuestro del que es víctima por parte de las FARC, expresa su desacuerdo con el proceso de paz suscrito entre el gobierno y las FARC.";Valledupar;empresario;"victima FARC,victima secuestro";610;612;253
126-VI-00019;Fueron doce años;porvenir;Encuentros;na;El fundador y coordinador de las organizaciones culturales de Montes de María se encuentra en el exilio con una excompañera que no veía hace veinte años.;Montes de María;;victima exilio;612;613;254
1174-HV-00199;¿Quién hace memoria de eso?;porvenir;Destierros;na;La mamá de Dubán Barros relata quién era su hijo y cuáles eran sus sueños. Cuenta cómo ha sido el proceso para hacer justicia por su hijo asesinado durante las protestas del 2021 en Bogotá.;Bogota;"mujer, madre";victima fuerza publica;615;615;255
1266-VI-00004;Que nos dejen florecer;porvenir;Destierros;na;"Un joven, líder social y barrial, que integró la primera línea de Calí, durante las protestas de 2021 en Colombia narra las razones que lo llevaron a la movilización y sus expectativas a futuro. ";Cali;"joven,lider,primera linea";;616;618;256
919-VI-00002;Con los ideales y el amor;porvenir;Destierros;na;El padre de Nicolás Neira narra el proceso de hacer justicia y reflexionar después del asesinato de su hijo por pare de la Fuerza Pública. ;na;"hombre,padre";victima fuerza publica;618;619;257
1174-CO-00883_2;Por el derecho a que no nos jodan;porvenir;Destierros;na;Un líder y Hip Hoper explica las razones que llevaron al estallido social del 2021 en Bogotá y relata las acciones que han emprendido para lograr cambios en sus barrios.;Bogota;"joven,hip hoper";;620;621;258
216-VI-00144;Dieciséis mil hijos;porvenir;Destierros;na;La madre y el padre de Jhonny Silva recuerdan a su hijo y narran cómo ha sido el proceso de hacer justicia y memoria en la Universidad del Valle por el asesinato de Jhonny a manos de la Fuerza Pública.;Valle;"madre,padre";victima fuerza publica;622;623;259
1266-PR-03480;¡Despertamos!;porvenir;Destierros;na;Una joven narra la manera en que se desarrolló el paro nacional del año 2021 en el barrio Siloé de Cali así como su participación en el paro apoyando la olla comunitaria.;Cali;joven;;623;625;260
1174-CO-00883_3;La paz de los barrios;porvenir;Destierros;na;Una mujer narra su experiencia en el paro nacional en Bogotá desde su rol como voluntaria en la Brigada Médica en el marco de las protestas del año 2021. ;Bogota;"mujer,voluntaria";;626;626;261
